time,Date,itf_g,itf_t,itf_s,DMI_HadISST1.1,meiv2,TCI_MEI,TCI_DMI,H1_features,H2_features,regime_shift
1984.0,1984-01-01,7.712504472019484,10.416915760259958,-2.265140356789846,-0.223,-0.54,-0.0029940119752578376,4.002994011975257,0,9,0
1984.084699453552,1984-02-01,6.222144127476664,8.049563377208818,-2.1098976352230814,-0.149,-0.56,0.08956676810404307,3.910433231895957,0,9,0
1984.1639344262296,1984-03-01,6.183102975520782,4.982744837357801,1.0325867486709068,-0.122,-0.16,0.17615588495225287,3.823844115047747,0,9,0
1984.2486338797812,1984-04-01,3.3259215469878267,-1.1790328477204204,3.438873778489239,0.05,0.07,0.26871666503105684,3.731283334968943,0,9,0
1984.330601092896,1984-05-01,3.6539837131395534,1.4407648867383749,2.528188978756753,-0.305,-0.45,0.35829161349468786,3.641708386505312,0,9,0
1984.415300546448,1984-06-01,13.740493175099123,11.238507555043764,2.254371671206919,-0.357,-0.66,0.45085239357398876,3.5491476064260112,0,9,0
1984.4972677595629,1984-07-01,15.121979688006531,13.18057134202218,1.780489067420744,-0.366,-0.34,0.5404273420378685,3.4595726579621315,0,9,0
1984.5819672131147,1984-08-01,13.958667774805932,10.458653174843398,2.615275270094167,-0.498,-0.2,0.6329881221169209,3.367011877883079,0,9,0
1984.6666666666667,1984-09-01,16.63069855628472,12.117626890279194,4.210723226285007,-0.608,-0.14,0.7255489021962218,3.2744510978037784,0,9,0
1984.7486338797812,1984-10-01,7.405747945071877,4.948982675538806,1.329233937291652,-0.654,-0.19,0.8151238506596044,3.1848761493403956,0,9,0
1984.8333333333333,1984-11-01,4.083866935662843,2.371674955874851,2.0480335823840687,-0.418,-0.58,0.9076846307389053,3.0923153692610947,0,9,0
1984.915300546448,1984-12-01,4.502197864537124,4.956066525791817,0.4145412393773537,-0.278,-0.28,0.9972595792025365,3.0027404207974637,0,9,0
1985.0,1985-01-01,6.172791863532908,10.062036999203338,-1.3852687618491222,-0.466,-0.25,1.0898203592818372,2.910179640718163,0,9,0
1985.0849315068488,1985-02-01,1.9590302152150736,7.535068515607046,-1.0944285332807837,-0.627,-0.58,1.182634730538684,2.817365269461316,0,9,0
1985.1616438356164,1985-03-01,-0.644936237725973,4.186228578564727,0.9215954398518946,-0.541,-0.6,1.2664670658685149,2.7335329341314853,0,9,0
1985.2465753424656,1985-04-01,-3.1547154924837786,-2.1536279722482368,3.4122182689245526,-0.2,-0.76,1.3592814371258586,2.6407185628741416,0,9,0
1985.328767123288,1985-05-01,-1.9151688162520104,0.3427105566417391,1.407926373886316,-0.223,-1.23,1.449101796407696,2.550898203592304,0,9,0
1985.4136986301369,1985-06-01,7.941982846677954,10.044935975628174,2.2887006275289514,-0.629,-0.67,1.5419161676647912,2.458083832335209,0,9,0
1985.495890410959,1985-07-01,10.479401839380284,11.952787029408398,0.472379605261219,-0.403,-0.1,1.63173652694638,2.36826347305362,0,9,0
1985.580821917808,1985-08-01,9.31676366321662,9.20189174442612,1.4543221789438534,-0.459,-0.49,1.7245508982034752,2.2754491017965246,0,9,0
1985.6657534246576,1985-09-01,12.95144065025429,11.004579321832832,2.972231927527276,-0.238,-0.56,1.8173652694613158,2.182634730538684,0,9,0
1985.7479452054797,1985-10-01,6.712362340142819,4.028952978362032,0.6722783563570811,-0.498,-0.08,1.9071856287429048,2.092814371257095,0,9,0
1985.8328767123287,1985-11-01,4.997195402781578,1.7050497751393148,1.4819984712984224,0.074,-0.06,2.0,2.0,0,9,0
1985.9150684931508,1985-12-01,5.40861605947407,4.70671362913355,0.1440578216087943,-0.417,-0.42,2.089820359281589,1.910179640718411,0,9,0
1986.0,1986-01-01,9.701513500345692,10.136712840268975,-2.934709920000905,-0.113,-0.4,2.1826347305389326,1.8173652694610674,0,9,0
1986.0849315068488,1986-02-01,7.543803195266593,7.915790271506212,-2.225223434683695,-0.135,-0.34,2.2754491017957794,1.7245508982042206,0,9,0
1986.1616438356164,1986-03-01,6.388102358570743,4.837003165579882,0.6669044863952605,-0.2,-0.4,2.35928143712561,1.6407185628743899,0,9,0
1986.2465753424656,1986-04-01,3.8506108018805216,-1.3505103517915145,2.653089974028088,-0.286,-0.53,2.452095808382954,1.5479041916170462,0,9,0
1986.328767123288,1986-05-01,3.698403932698973,1.140090512814656,1.157589948741079,-0.154,-0.26,2.541916167664791,1.4580838323352088,1,9,0
1986.4136986301369,1986-06-01,13.980568240697393,10.608361786047922,2.112339370199618,-0.278,0.01,2.6347305389218865,1.3652694610781135,1,9,0
1986.495890410959,1986-07-01,14.570364181035508,12.116892396243037,1.946137246265755,-0.546,0.41,2.7245508982034754,1.2754491017965246,1,9,0
1986.580821917808,1986-08-01,11.32563866155612,8.879832056837039,3.661044653790126,-0.401,0.97,2.8173652694605704,1.1826347305394296,1,9,0
1986.6657534246576,1986-09-01,14.220416762545875,9.968581938843435,5.43046987627017,-0.142,1.29,2.910179640718411,1.089820359281589,1,9,0
1986.7479452054797,1986-10-01,5.519628016526347,2.296978438619778,4.661792981140732,-0.048,0.56,3.0,1.0,1,9,0
1986.8328767123287,1986-11-01,1.659742422593534,-0.6738661574921265,3.470409263919853,-0.244,0.64,3.092537313432497,1.1850746268649943,1,9,0
1986.9150684931508,1986-12-01,1.8184398710838496,1.6359177054719214,1.8624211562859776,-0.274,1.06,3.1820895522386667,1.364179104477334,1,9,0
1987.0,1987-01-01,3.9657652258323592,6.526632154115433,-0.7255783710561281,-0.081,1.03,3.274626865671412,1.5492537313428236,1,9,0
1987.0849315068488,1987-02-01,-0.4995916099720823,3.909420702837374,-0.6212760272780137,0.041,1.16,3.367164179103661,1.7343283582073223,1,9,0
1987.1616438356164,1987-03-01,-2.77747549572997,0.398077785935815,1.9991891983237944,-0.137,1.57,3.450746268656433,1.9014925373128664,1,9,0
1987.2465753424656,1987-04-01,-7.274343954526892,-5.924169497996557,3.791740689535944,-0.157,1.74,3.543283582089178,2.086567164178356,0,8,0
1987.328767123288,1987-05-01,-6.668505065725678,-3.316121698283181,2.3457505790382824,0.165,1.96,3.6328358208955955,2.265671641791191,0,8,0
1987.4136986301369,1987-06-01,3.0690034412823994,6.642976431259744,2.673288250113002,0.109,2.07,3.725373134328093,2.4507462686561854,0,8,0
1987.495890410959,1987-07-01,4.97121601283747,8.690770811454932,1.922055168860488,0.207,1.88,3.8149253731342627,2.629850746268525,0,8,0
1987.580821917808,1987-08-01,2.9158428535223297,6.288499456934821,3.722784853648374,0.297,1.46,3.9074626865667597,2.8149253731335193,0,8,0
1987.6657534246576,1987-09-01,6.57453317770139,8.404387988333308,5.457826216620873,0.393,1.26,4.0,3.0,0,8,0
1987.7479452054797,1987-10-01,0.6429740904441882,1.5396510805742594,4.613267289614928,0.255,1.18,3.8205838378387664,2.7308757567581496,0,8,0
1987.8328767123287,1987-11-01,0.2579529265324854,-0.7440861411026045,4.17849062446775,-0.051,0.9,3.635187136939917,2.4527807054098756,0,8,0
1987.9150684931508,1987-12-01,2.053577914618533,2.128521927861166,2.474177545998315,0.152,0.79,3.4557709747786833,2.1836564621680252,0,8,0
1988.0,1988-01-01,4.625267661440288,7.548830693188545,-0.0135380796283262,0.353,0.63,3.2703742738793378,1.9055614108190067,0,8,0
1988.084699453552,1988-02-01,2.850658166016272,5.156677156608926,-0.8601476888261763,-0.154,0.33,3.085484121342594,1.6282261820138906,0,8,0
1988.1639344262296,1988-03-01,1.7941444316337878,2.0881049389020507,1.3158511891034523,-0.313,0.17,2.9125223657440404,1.3687835486160607,0,9,0
1988.2486338797812,1988-04-01,-2.472991512995104,-3.868894154923996,3.838060602124323,-0.128,-0.01,2.727632213208289,1.0914483198124336,0,9,0
1988.330601092896,1988-05-01,-2.974673614529113,-0.80706564707443,1.1254853471125192,-0.513,-0.39,2.5487062591408884,0.8230593887113327,0,9,0
1988.415300546448,1988-06-01,7.064506276819818,9.285889598972442,0.4578525060374884,-0.272,-1.17,2.363816106604144,0.5457241599062166,0,9,0
1988.4972677595629,1988-07-01,8.684285324081605,11.430922531336286,1.5175195267584098,-0.15,-1.78,2.184890152536248,0.27733522880437134,0,9,0
1988.5819672131147,1988-08-01,6.467480853374284,8.763533092478184,3.007968908580491,-0.289,-1.81,2.0,0.0,0,9,0
1988.6666666666667,1988-09-01,10.26053642274972,10.642863849254232,4.280723508097766,-0.394,-1.8,1.9073232261180872,0.18535354776382554,0,9,0
1988.7486338797812,1988-10-01,3.86237791045324,4.466304672880888,3.034743646008181,-0.525,-1.59,1.8176360255876614,0.3647279488246773,0,9,0
1988.8333333333333,1988-11-01,2.363317388920396,3.2656500457359403,2.266789351358842,-0.183,-1.7,1.7249592517057486,0.5500814965885029,0,9,0
1988.915300546448,1988-12-01,5.538668765896249,7.168559767125522,0.5631170627094972,0.156,-1.55,1.635272051175074,0.7294558976498522,0,9,0
1989.0,1989-01-01,9.893393880284602,13.154240263445844,-1.3879339482321784,-0.281,-1.12,1.5425952772931613,0.9148094454136777,0,9,0
1989.0849315068488,1989-02-01,8.760230843632508,11.242724180902442,-2.069130781510624,-0.045,-1.1,1.4496645944424635,1.1006708111150731,0,9,0
1989.1616438356164,1989-03-01,9.321618015733552,8.410176958181417,0.4591575326784071,-0.319,-1.24,1.3657272034794756,1.268545593041049,0,9,0
1989.2465753424656,1989-04-01,6.60143557505588,2.401693786281586,3.4309913070047666,-0.48,-1.09,1.27279652062828,1.4544069587434396,0,9,0
1989.328767123288,1989-05-01,7.237110475537407,4.892564727696899,1.4299758239630511,-0.594,-1.03,1.1828636017394891,1.634272796521022,0,9,0
1989.4136986301369,1989-06-01,16.48050975641752,14.04010056755618,1.0159748789504683,-0.78,-0.99,1.0899329188885425,1.820134162222915,0,9,0
1989.495890410959,1989-07-01,15.933426578445266,15.04274709521916,0.1165502050601992,-0.447,-1.08,1.0,1.9999999999999998,0,9,0
1989.580821917808,1989-08-01,11.64054220826802,11.260637009928413,1.0942384215859535,-0.321,-0.66,1.0,1.9074626865675028,0,9,0
1989.6657534246576,1989-09-01,12.135467137683236,11.95248562619761,2.7343057410531024,-0.225,-0.53,1.0,1.8149253731342625,0,9,0
1989.7479452054797,1989-10-01,2.3014191214413136,3.810911800500154,1.902633397254392,-0.412,-0.49,1.0,1.7253731343280927,0,9,0
1989.8328767123287,1989-11-01,-2.155211789627474,0.191276226678166,2.1594127709384074,-0.338,-0.36,1.0,1.6328358208955955,0,9,0
1989.9150684931508,1989-12-01,-1.5731724311892543,1.9167181548712204,0.450815478237202,-0.167,-0.07,1.0,1.5432835820894257,0,9,0
1990.0,1990-01-01,0.426888599999517,6.539033714369928,-1.045820284851461,-0.099,0.13,1.0,1.450746268656681,0,9,0
1990.0849315068488,1990-02-01,-2.8877843337892704,3.628579093178587,-1.5366025558551375,-0.289,0.45,1.0,1.3582089552244314,0,9,0
1990.1616438356164,1990-03-01,-3.0570149513094944,0.0836573654595781,0.962846778346924,-0.143,0.61,1.0,1.2746268656716595,0,9,0
1990.2465753424656,1990-04-01,-6.032190588305041,-6.622991051963105,3.7890276819239297,-0.385,0.17,1.0,1.1820895522389145,0,9,0
1990.328767123288,1990-05-01,-4.918628800108427,-4.114630243843717,1.54739984135673,-0.348,0.08,1.0,1.0925373134324972,0,9,0
1990.4136986301369,1990-06-01,5.850400331002875,6.006297761412159,1.7960071704453753,-0.568,0.05,1.0,1.0,0,9,1
1990.495890410959,1990-07-01,6.769884348345763,8.277592916605975,0.460464414730512,-0.246,0.13,0.9101796407184111,1.1796407185631779,0,9,0
1990.580821917808,1990-08-01,7.31870960970425,5.997849527440138,2.540567778043434,-0.392,0.02,0.8173652694613159,1.3652694610773681,0,9,0
1990.6657534246576,1990-09-01,11.094149722097558,8.332394217322816,4.205953824091154,-0.183,0.22,0.7245508982034752,1.5508982035930496,0,9,0
1990.7479452054797,1990-10-01,4.08581109835429,1.9090463174325465,3.422651567620932,-0.345,-0.07,0.6347305389218864,1.7305389221562273,0,9,0
1990.8328767123287,1990-11-01,1.9356278032754524,0.1882624352653063,2.938371246577078,-0.094,0.12,0.5419161676647912,1.9161676646704175,0,9,0
1990.9150684931508,1990-12-01,3.3916344306774606,3.5795777855078548,1.655843766055728,0.003,0.31,0.4520958083832023,2.0958083832335954,0,10,0
1991.0,1991-01-01,5.615656557064234,9.183620328401105,-1.525657086459232,0.065,0.19,0.3592814371258586,2.281437125748283,0,10,0
1991.0849315068488,1991-02-01,4.520673298141293,6.931069926012626,-1.80084435431265,-0.097,0.08,0.2664670658690118,2.4670658682619764,0,10,0
1991.1616438356164,1991-03-01,3.216806052625436,3.5887588957821297,-0.2661538151179277,-0.037,0.2,0.182634730539181,2.634730538921638,0,10,0
1991.2465753424656,1991-04-01,-0.2759450525223787,-2.9675405402512167,2.5038080729023164,0.289,0.2,0.08982035928183729,2.8203592814363256,0,10,0
1991.328767123288,1991-05-01,0.723400796562532,-1.186336982471225,0.5557577680193698,0.379,0.35,0.0,3.0,0,10,0
1991.4136986301369,1991-06-01,9.879133685486456,7.478546407411025,2.486635357965449,0.263,0.97,0.0,2.723009317655653,0,10,0
1991.495890410959,1991-07-01,9.72009641269252,8.233895366066806,1.771810820070269,0.27,0.91,0.0,2.454953818611158,0,10,0
1991.580821917808,1991-08-01,7.349735994412802,4.345255625814643,2.9830594590536696,0.058,0.37,0.0,2.1779631362668113,0,10,0
1991.6657534246576,1991-09-01,8.468430166440399,5.041385426500632,3.836670283684049,0.099,0.54,0.0,1.9009724539202397,0,10,0
1991.7479452054797,1991-10-01,-0.5263438527252303,-2.9228480439297515,2.927272571121172,-0.03,0.97,0.0,1.6329169548757445,0,10,0
1991.8328767123287,1991-11-01,-5.053767514079031,-5.933114228995186,2.768442044929348,0.04,1.04,0.0,1.3559262725313976,0,11,0
1991.9150684931508,1991-12-01,-3.4412639456442524,-3.208922628548579,0.1890192614521979,0.084,1.23,0.0,1.0878707734869026,0,11,0
1992.0,1992-01-01,-0.5156835626683542,2.51706947903404,-1.4989819952481986,-0.321,1.68,0.0,0.8108800911418141,0,11,0
1992.084699453552,1992-02-01,-1.7733249304796406,0.8539291049340604,-0.3212418489393653,-0.389,1.58,0.0,0.5346462139389816,0,11,0
1992.1639344262296,1992-03-01,-2.843065942344829,-1.655036439905755,2.032349022302443,-0.671,1.71,0.0,0.27623387720134973,0,11,0
1992.2486338797812,1992-04-01,-5.571840474719625,-6.976946161683024,3.3865806909298963,-0.553,1.97,0.0,0.0,0,11,0
1992.330601092896,1992-05-01,-4.473807711200308,-3.3870331128471465,0.7233238601299175,-0.549,1.68,0.0,0.3591076421054675,0,11,0
1992.415300546448,1992-06-01,7.960516161854007,7.394898261377168,1.6792182142514531,-0.861,1.51,0.0,0.7301855389486471,0,11,0
1992.4972677595629,1992-07-01,11.075935572414036,10.545378382604714,1.3663650507731877,-0.479,0.62,0.0,1.0892931810551107,0,11,0
1992.5819672131147,1992-08-01,11.01756005338468,8.482179811310992,2.355710140207896,-0.768,-0.02,0.0,1.4603710778972943,0,11,0
1992.6666666666667,1992-09-01,14.081617846125784,10.640698165313308,3.844191373912194,-0.833,0.4,0.0,1.831448974740474,0,11,0
1992.7486338797812,1992-10-01,6.328405246075318,3.6698077952903807,2.1218439724041502,-0.627,0.67,0.0,2.1905566168449453,0,11,0
1992.8333333333333,1992-11-01,4.6062564039602165,1.3921146870755927,2.069197781890471,-0.399,0.62,0.0,2.561634513688125,0,11,0
1992.915300546448,1992-12-01,5.734001280232635,4.10999403274961,0.5877139386344673,-0.317,0.73,0.0,2.9207421557935924,0,11,0
1993.0,1993-01-01,8.70191162253398,9.208506068798169,-0.8880670538302882,-0.196,0.79,0.0,3.2918200526367722,0,11,0
1993.0849315068488,1993-02-01,5.065709570789058,6.689695597515668,-1.5039141856647564,0.035,0.89,0.0,3.6639146012491035,0,11,0
1993.1616438356164,1993-03-01,3.360917250608745,3.382448166868416,2.045287368694156,-0.295,0.77,0.0,3.9999999999999996,0,11,0
1993.2465753424656,1993-04-01,0.6222821716637181,-2.9516144800215462,3.9485224879374448,-0.181,0.98,0.1839762611274766,3.8160237388725236,0,11,0
1993.328767123288,1993-05-01,0.4735955648939941,-0.6530592160851869,2.0486734678988805,-0.027,1.47,0.36201780415513135,3.637982195844869,0,11,0
1993.4136986301369,1993-06-01,9.847224303636278,8.57425476138564,2.453787162774829,-0.108,1.51,0.5459940652821154,3.454005934717885,0,11,0
1993.495890410959,1993-07-01,11.577108126509518,9.954304221618829,1.7193468785595516,-0.152,0.9,0.7240356083092776,3.2759643916907226,0,11,0
1993.580821917808,1993-08-01,9.687462343495929,6.971481274065079,1.89712495228676,-0.305,0.6,0.9080118694362617,3.0919881305637382,0,11,0
1993.6657534246576,1993-09-01,12.175505504998537,8.751902848717709,3.001282875508226,-0.17,0.61,1.0919881305647234,2.908011869435277,0,11,0
1993.7479452054797,1993-10-01,5.170201377359764,1.7413523090371692,3.070614752210537,-0.156,0.96,1.2700296735918855,2.7299703264081145,0,11,0
1993.8328767123287,1993-11-01,3.453698753060792,-0.3643405952192784,3.171064220296318,-0.149,0.7,1.4540059347188696,2.54599406528113,0,11,0
1993.9150684931508,1993-12-01,5.089164943570927,3.1903025520590647,1.4855030870475456,-0.206,0.27,1.6320474777460319,2.367952522253968,0,11,0
1994.0,1994-01-01,8.621800969671838,9.32939839000558,-0.8045432011799096,0.025,-0.01,1.8160237388735083,2.1839762611264915,0,11,0
1994.0849315068488,1994-02-01,5.531863920788132,7.938100829755089,-1.2565988268135695,-0.146,-0.21,2.0,2.0,0,11,0
1994.1616438356164,1994-03-01,3.997679135687808,5.511610240434791,1.5149914081547524,0.202,-0.23,1.83233532934038,1.83233532934038,0,11,0
1994.2465753424656,1994-04-01,1.3326880406667612,0.1864747527394345,3.602256632807878,0.351,0.01,1.6467065868257387,1.6467065868257387,0,11,0
1994.328767123288,1994-05-01,2.004256081205458,3.0621223461332514,1.6976723666298936,0.544,-0.03,1.4670658682621087,1.4670658682621087,0,11,0
1994.4136986301369,1994-06-01,10.995826265568937,12.456207530096956,1.5241477295743724,0.433,0.25,1.2814371257479644,1.2814371257479644,0,11,0
1994.495890410959,1994-07-01,11.396147430601324,13.74253130747246,1.3827437701577057,0.557,0.96,1.1017964071848312,1.1017964071848312,0,11,0
1994.580821917808,1994-08-01,9.579069891127482,10.159567269922716,2.0182302335647746,0.811,0.87,0.9161676646706869,0.9161676646706869,0,10,0
1994.6657534246576,1994-09-01,11.13684231498643,10.556018749647537,3.056617226569947,0.529,1.1,0.7305389221550518,0.7305389221550518,0,10,0
1994.7479452054797,1994-10-01,2.040711451890976,2.646775019011504,2.1273091103203434,0.707,1.52,0.5508982035919185,0.5508982035919185,0,10,0
1994.8328767123287,1994-11-01,-2.34918773596409,-0.654922448341964,1.988109558564073,0.287,1.01,0.36526946107777425,0.36526946107777425,0,10,0
1994.9150684931508,1994-12-01,-0.9009121070346776,0.9688097066230092,0.4601265903936617,0.263,0.91,0.18562874251464123,0.18562874251464123,0,10,0
1995.0,1995-01-01,0.7701170666493755,5.654592788773661,-1.9686805480961111,0.14,0.82,0.0,0.0,0,10,0
1995.0849315068488,1995-02-01,-1.6004410847787012,3.311856229794579,-2.7041337730433987,0.164,0.54,0.1856287425137396,0.1856287425137396,0,10,0
1995.1616438356164,1995-03-01,-2.598752119168956,0.3364360989953286,0.7109306440796648,-0.05,0.17,0.3532934131734429,0.3532934131734429,0,10,0
1995.2465753424656,1995-04-01,-5.123605170467112,-5.352635727603206,3.553215046851012,-0.221,0.13,0.5389221556881764,0.5389221556881764,0,10,0
1995.328767123288,1995-05-01,-3.209771951984049,-2.0045893559589025,2.2511493015475583,-0.251,0.14,0.7185628742518958,0.7185628742518958,0,10,0
1995.4136986301369,1995-06-01,8.072558384713304,8.679834320095782,1.4162789016090789,-0.078,0.01,0.9041916167661324,0.9041916167661324,0,10,0
1995.495890410959,1995-07-01,10.748632114629936,11.139797921957316,1.4272406272406504,-0.169,-0.29,1.0838323353293549,1.0838323353293549,0,10,0
1995.580821917808,1995-08-01,9.257716719747304,8.885316405205167,2.280654052522698,-0.144,-0.7,1.2694610778435913,1.2694610778435913,0,10,0
1995.6657534246576,1995-09-01,12.48150275646406,10.839094228857997,2.7086789110811744,-0.18,-0.94,1.4550898203593188,1.4550898203593188,0,10,0
1995.7479452054797,1995-10-01,4.431895315254332,3.882608583336785,1.543735227236296,-0.367,-0.74,1.634730538922541,1.634730538922541,0,10,0
1995.8328767123287,1995-11-01,1.2938709068757013,1.326222416673451,2.072430562672176,-0.294,-0.77,1.8203592814367777,1.8203592814367777,0,10,0
1995.9150684931508,1995-12-01,1.676429693976622,3.460993937080196,-0.8453749970220797,0.09,-0.9,2.0,2.0,0,10,0
1996.0,1996-01-01,3.4000819941110936,8.042329508556904,-2.3322836650563845,-0.021,-0.85,2.09249129786167,1.90750870213833,0,10,0
1996.084699453552,1996-02-01,-0.1100230431941149,5.162208232841039,-2.4874359915762465,-0.033,-0.8,2.1847298872594925,1.8152701127405078,0,10,0
1996.1639344262296,1996-03-01,-2.076762700210905,1.7989643501129144,0.3619812056828919,-0.085,-0.66,2.2710175999218034,1.7289824000781966,0,10,0
1996.2486338797812,1996-04-01,-4.2070395509428185,-4.294493240013205,3.629252873945557,-0.369,-0.76,2.3632561893191304,1.6367438106808696,0,10,0
1996.330601092896,1996-05-01,-3.645214603686585,-1.598789994236146,1.4421108765283583,-0.266,-0.85,2.452519340349073,1.547480659650927,0,10,0
1996.415300546448,1996-06-01,5.426907242756648,8.560490021727315,0.2305262892777516,-0.394,-0.91,2.544757929746895,1.4552420702531048,1,9,0
1996.4972677595629,1996-07-01,6.810944535439934,11.191851511107483,0.2841556633316122,-0.643,-0.83,2.6340210807770856,1.3659789192229144,1,9,0
1996.5819672131147,1996-08-01,6.835520901676871,8.948969802591293,1.0830790223154385,-0.681,-0.64,2.7262596701746604,1.2737403298253396,1,9,0
1996.6666666666667,1996-09-01,11.571677988096509,11.4649405600935,3.615348632358692,-0.712,-0.31,2.8184982595724826,1.1815017404275174,1,9,0
1996.7486338797812,1996-10-01,4.292834140633833,4.903493835284946,2.06427016543112,-1.108,-0.37,2.907761410602178,1.0922385893978221,1,9,0
1996.8333333333333,1996-11-01,2.9422185527764886,2.8482726231503723,2.289915738827898,-0.797,-0.34,3.0,1.0,1,9,0
1996.915300546448,1996-12-01,4.057608149238068,5.935083670927563,-0.0431435359393506,-0.413,-0.47,2.820760662285456,0.9103803311427281,1,9,0
1997.0,1997-01-01,6.971763250716313,10.84543682722438,-2.403971419555725,-0.11,-0.65,2.635546679979997,0.8177733399899985,1,9,0
1997.0849315068488,1997-02-01,3.4994254276472327,8.022570003125205,-1.5713936835100086,0.079,-0.72,2.449825262108085,0.7249126310540426,1,9,0
1997.1616438356164,1997-03-01,1.1328904437283542,3.940715246762818,0.9248548103934242,0.043,-0.3,2.2820768846732578,0.6410384423366289,1,9,0
1997.2465753424656,1997-04-01,-2.40721827324605,-3.0521920540476377,3.7330531948730927,0.054,0.15,2.0963554668003517,0.5481777334001758,1,9,0
1997.328767123288,1997-05-01,-2.577335468385491,-0.9720393696247795,2.2572243190552883,0.025,0.71,1.9166250624061423,0.45831253120307114,1,9,0
1997.4136986301369,1997-06-01,6.74930880870966,8.112502346988398,2.2107610122877994,0.082,2.34,1.7309036445337336,0.3654518222668668,1,9,0
1997.495890410959,1997-07-01,7.476020620550795,9.40168914458394,2.333355608223889,0.447,2.26,1.5511732401400213,0.27558662007001067,1,9,0
1997.580821917808,1997-08-01,5.095222523375774,6.124696704762989,3.376878036911456,0.634,2.26,1.3654518222676124,0.1827259111338062,1,9,0
1997.6657534246576,1997-09-01,8.55465946733209,7.156335069759022,5.510094247928766,0.771,2.2,1.179730404393712,0.08986520219685601,1,9,0
1997.7479452054797,1997-10-01,1.1389720449964311,0.6248284693049968,4.561341004592061,0.873,2.06,1.0,0.0,1,9,0
1997.8328767123287,1997-11-01,-1.1716773907699716,-1.178736797500169,4.3282040942496245,1.279,2.14,1.0925373134324972,0.0,1,9,0
1997.9150684931508,1997-12-01,0.3259420240172391,1.48000872771708,3.327610357078375,0.863,2.11,1.182089552238667,0.0,1,9,0
1998.0,1998-01-01,3.4641695552513925,6.776514404279171,1.622092874778258,0.525,2.3,1.274626865671412,0.0,1,9,0
1998.0849315068488,1998-02-01,0.3313101425735353,4.433181809563026,-1.0580544030569898,0.422,2.45,1.367164179103661,0.0,1,9,0
1998.1616438356164,1998-03-01,-2.729645922055096,0.9922591744202742,1.109702693909132,-0.055,2.27,1.4507462686564332,0.0,1,9,0
1998.2465753424656,1998-04-01,-7.7381284817145985,-5.821908325182111,4.456395816446284,0.047,2.61,1.543283582089178,0.0,0,9,0
1998.328767123288,1998-05-01,-8.258349673645672,-4.091307809362261,1.9980696062216607,0.14,2.33,1.6328358208955955,0.0,0,9,0
1998.4136986301369,1998-06-01,1.5962868413908935,4.781548235822155,2.770919853340173,0.147,0.42,1.7253731343280927,0.0,0,9,0
1998.495890410959,1998-07-01,1.9745056552770608,5.895750144313796,1.481463784196302,-0.385,-1.53,1.8149253731342625,0.0,0,9,0
1998.580821917808,1998-08-01,0.6844272960766592,2.893640537691675,1.7178309941855183,-0.58,-1.82,1.9074626865667597,0.0,0,9,0
1998.6657534246576,1998-09-01,5.179147490331757,5.048665594810989,4.253391237505594,-0.496,-1.4,2.0,0.0,0,9,0
1998.7479452054797,1998-10-01,-1.306342596359635,-1.4409763484820548,3.992253420572408,-0.743,-1.29,1.8203592814366882,0.26946107784496753,0,9,0
1998.8328767123287,1998-11-01,-1.5213868940459847,-2.9076538898279285,4.411214005018119,-0.653,-1.34,1.6347305389223594,0.5479041916164606,0,9,0
1998.9150684931508,1998-12-01,1.2688360421852969,1.5959623162022143,2.216440934796881,-0.336,-1.29,1.4550898203590479,0.8173652694614282,0,9,0
1999.0,1999-01-01,6.279780465063307,8.978132202297585,0.0826221242499057,-0.13,-1.28,1.269461077844222,1.0958083832336667,0,9,0
1999.0849315068488,1999-02-01,5.63271551877825,8.287561431288555,-1.1266622479839044,-0.038,-1.2,1.0838323353303903,1.3742514970044146,0,9,0
1999.1616438356164,1999-03-01,6.132976403271483,6.549241721287755,1.0714712448864652,0.102,-1.15,0.9161676646706036,1.6257485029940946,0,9,0
1999.2465753424656,1999-04-01,4.182997624947067,1.230471077323632,4.214509607885741,-0.002,-1.16,0.7305389221557779,1.904191616766333,0,9,0
1999.328767123288,1999-05-01,5.239393779457513,4.188765952563287,2.127975498410684,-0.186,-1.33,0.5508982035919692,2.1736526946120462,0,9,0
1999.4136986301369,1999-06-01,13.974081033420942,13.523417347884116,1.939781558749676,-0.145,-1.26,0.36526946107764036,2.452095808383539,0,9,0
1999.495890410959,1999-07-01,15.428596683860956,14.551305382799509,1.7040837219342388,0.112,-1.18,0.1856287425143286,2.7215568862285067,0,9,0
1999.580821917808,1999-08-01,13.198163499038316,10.597744628312576,2.84048751898054,0.023,-1.03,0.0,3.0,0,9,0
1999.6657534246576,1999-09-01,15.176242919337415,11.251634531689689,4.711568657445438,-0.05,-1.16,0.3706995131846903,2.7219753651114824,0,9,0
1999.7479452054797,1999-10-01,6.181738878892292,3.5155450150734486,4.1402148741561495,-0.19,-1.33,0.729440977556203,2.452919266832848,0,9,0
1999.8328767123287,1999-11-01,3.029007187556053,1.0919649610507678,2.8660074520722434,-0.116,-1.33,1.100140490737916,2.1748946319465627,0,9,0
1999.9150684931508,1999-12-01,5.173867285771798,4.358089226399382,1.1378352571958297,-0.148,-1.43,1.4588819551094288,1.9058385336679284,0,9,0
2000.0,2000-01-01,8.898151792488239,10.644524361656458,-2.655410554814898,-0.125,-1.25,1.829581468292134,1.6278138987808992,0,9,0
2000.084699453552,2000-02-01,7.859424482151565,9.692552006270468,-3.450862391753589,-0.009,-1.26,2.199268141275909,1.350548894043068,0,10,0
2000.1639344262296,2000-03-01,8.212127915749154,8.214127303379808,-1.8000749606043909,0.14,-1.37,2.5451040611632845,1.0911719541275364,0,10,0
2000.2486338797812,2000-04-01,5.181856295144272,3.865021157645641,1.6475614874409608,0.141,-0.9,2.9147907341450745,0.8139069493911939,0,10,0
2000.330601092896,2000-05-01,8.065911484307268,7.963266616674428,-0.2528182797941939,0.113,-0.93,3.2725520305801536,0.5455859770648845,0,10,0
2000.415300546448,2000-06-01,19.172735445962697,18.514802725992,0.0457594671413184,-0.022,-1.18,3.6422387035639283,0.2683209723270532,0,10,0
2000.4972677595629,2000-07-01,19.993730138309424,20.546644620073085,-0.9893171621080612,0.077,-0.61,4.0,0.0,0,10,0
2000.5819672131147,2000-08-01,18.72545007921237,17.28965077042041,1.4406449353649846,0.131,-0.08,4.0,0.18484635616600156,0,10,0
2000.6666666666667,2000-09-01,20.47973135503651,17.852894541797287,2.2631434985524046,-0.096,-0.35,4.0,0.36969271233249934,0,10,0
2000.7486338797812,2000-10-01,11.226380413582389,9.592354014438644,0.7518219488743914,-0.142,-0.52,4.0,0.5485762828152945,0,10,0
2000.8333333333333,2000-11-01,7.9839547641179,5.599645749917876,0.4356721193672989,-0.306,-0.86,4.0,0.7334226389817923,0,10,0
2000.915300546448,2000-12-01,8.887459554326849,6.773114130000099,-0.5476956845556789,-0.248,-0.79,4.0,0.9123062094650837,0,10,0
2001.0,2001-01-01,10.756366145470714,10.740874281729276,-3.669547533397844,-0.431,-0.83,4.0,1.0971525656315815,0,11,0
2001.0849315068488,2001-02-01,9.567478919870693,7.532930692553611,-3.050246604275038,-0.017,-0.86,4.0,1.282505350169633,0,11,0
2001.1616438356164,2001-03-01,9.178021513280816,4.002165209212744,-0.6864937100350877,-0.01,-0.78,4.0,1.449920768464196,0,11,0
2001.2465753424656,2001-04-01,6.150881551877651,-2.212158592352613,1.6452560351215602,0.136,-0.55,4.0,1.63527355300324,0,11,0
2001.328767123288,2001-05-01,8.934853725626557,0.8015439711586562,-0.5516568988858269,0.137,-0.51,4.0,1.8146472154614521,0,11,0
2001.4136986301369,2001-06-01,18.94047046840054,11.048573752162016,0.5472675000244182,0.127,-0.73,4.0,2.0,0,11,0
2001.495890410959,2001-07-01,21.792922475851945,13.504287012436176,0.5854248973222992,-0.14,0.04,3.820359281436822,2.0,0,11,0
2001.580821917808,2001-08-01,19.845720262758736,11.225406851077857,2.2150802864511783,-0.301,0.38,3.6347305389226316,2.0,0,11,0
2001.6657534246576,2001-09-01,22.32970670372635,13.155587796621573,3.550333092634099,-0.223,-0.06,3.4491017964069504,2.0,0,11,0
2001.7479452054797,2001-10-01,12.64737490796944,6.228646220061499,2.0844375439661342,-0.451,-0.22,3.269461077843773,2.0,0,11,0
2001.8328767123287,2001-11-01,8.335876354077428,3.682479758418812,2.4938029367013708,-0.245,-0.28,3.0838323353295825,2.0,0,11,0
2001.9150684931508,2001-12-01,8.782828034309492,6.117977359526424,0.4881335501598012,-0.051,0.06,2.9041916167664046,2.0,0,9,0
2002.0,2002-01-01,9.004498597469565,10.860141720786135,-2.551303734033153,-0.142,0.09,2.718562874251717,2.0,0,9,0
2002.0849315068488,2002-02-01,6.21330230089089,7.932630788943266,-2.29002682327506,-0.098,-0.26,2.5329341317380236,2.0,0,9,0
2002.1616438356164,2002-03-01,5.372886050201705,4.5373733230187,0.1771354251016803,0.008,-0.2,2.365269461078362,2.0,0,9,0
2002.2465753424656,2002-04-01,0.3461406066207827,-1.7042527930619933,2.898604390256854,-0.352,-0.36,2.1796407185636744,2.0,0,9,0
2002.328767123288,2002-05-01,1.4284799502499896,0.904107390168886,0.3691689358266528,-0.329,-0.14,2.0,2.0,0,9,0
2002.4136986301369,2002-06-01,11.92401946621049,10.736883148975505,0.6754596356599701,-0.19,0.34,2.09253731343252,2.09253731343252,0,9,0
2002.495890410959,2002-07-01,13.420481562519209,12.790375603473574,0.6892715703669223,-0.26,0.44,2.182089552238712,2.182089552238712,0,9,0
2002.580821917808,2002-08-01,13.238445616006068,10.398010322188158,2.2239223521657925,-0.208,1.01,2.274626865671232,2.274626865671232,0,9,0
2002.6657534246576,2002-09-01,17.16163504999935,12.279631659726032,4.186123184385096,0.286,0.88,2.3671641791044955,2.3671641791044955,0,9,0
2002.7479452054797,2002-10-01,10.546234197693964,5.295930964288168,2.957601581362631,0.405,0.84,2.4567164179106875,2.4567164179106875,0,9,0
2002.8328767123287,2002-11-01,8.912243804381257,2.8734777454426874,3.7399858470114498,0.096,0.84,2.5492537313432075,2.5492537313432075,0,9,0
2002.9150684931508,2002-12-01,9.74399458742942,5.398491150046501,2.1501878286524905,-0.158,0.91,2.6388059701493995,2.6388059701493995,0,9,0
2003.0,2003-01-01,12.21163176097593,10.191741882408802,-0.98367793166342,-0.239,0.82,2.7313432835821674,2.7313432835821674,0,9,0
2003.0849315068488,2003-02-01,9.172548838987248,7.480075734274507,-1.8246344644682764,0.017,0.63,2.8238805970144396,2.8238805970144396,0,9,0
2003.1616438356164,2003-03-01,7.436104419633017,3.697968980912756,0.7021698481148804,-0.039,0.53,2.907462686567232,2.907462686567232,0,9,0
2003.2465753424656,2003-04-01,3.644470306769386,-2.809474846511202,3.4657641681829063,-0.099,-0.11,3.0,3.0,0,9,0
2003.328767123288,2003-05-01,4.225269125209035,-0.5869002909406552,2.504566519896738,-0.164,-0.61,3.0,3.0,0,9,0
2003.4136986301369,2003-06-01,12.7257347548862,8.571996092495551,2.087812011528994,0.139,-0.1,3.0,3.0,0,9,0
2003.495890410959,2003-07-01,12.95598498405749,10.040984636473908,1.8033172669936748,0.131,0.01,3.0,3.0,0,9,0
2003.580821917808,2003-08-01,10.615734127064744,6.989237680870017,3.324429777940073,0.108,0.05,3.0,3.0,0,9,0
2003.6657534246576,2003-09-01,12.475911516577405,8.425163321096365,4.716469867265919,-0.061,0.18,3.0,3.0,0,9,0
2003.7479452054797,2003-10-01,3.279439607224376,1.282379831222822,3.097053832093434,-0.243,0.28,3.0,3.0,2,9,0
2003.8328767123287,2003-11-01,-0.6239645830357275,-1.2699891964097092,2.913822991097256,-0.159,0.3,3.0,3.0,2,9,0
2003.9150684931508,2003-12-01,0.6868976162926277,1.5169437310794316,1.136317351378596,0.189,0.14,3.0,3.0,2,9,0
2004.0,2004-01-01,1.2793555265151453,6.983806743290863,-1.1794079303219696,0.044,0.19,3.0,3.0,2,9,0
2004.084699453552,2004-02-01,-1.5635541489509737,4.884162933907151,-1.105149849411042,0.114,-0.05,3.0,3.0,2,9,0
2004.1639344262296,2004-03-01,-2.8619775495698407,1.9746660175900608,0.8552323833518265,0.077,-0.43,3.0,3.0,2,9,0
2004.2486338797812,2004-04-01,-5.916117512156166,-3.8172752160670624,3.5778286020511096,-0.08,-0.23,2.8160700933065854,2.724105139959878,2,9,0
2004.330601092896,2004-05-01,-4.523678668783803,-0.7878526024831071,1.99546643705039,-0.565,-0.46,2.6380734094091913,2.457110114113787,2,9,0
2004.415300546448,2004-06-01,6.001457501608623,9.45009687430635,2.2084985362534177,-0.384,-0.39,2.454143502714789,2.1812152540721836,2,9,0
2004.4972677595629,2004-07-01,8.450679596027685,11.623587821278246,1.9250499057701445,-0.301,0.46,2.276146818816901,1.9142202282253518,2,9,0
2004.5819672131147,2004-08-01,7.624981879445186,8.898535912303586,3.060994997404474,-0.132,0.77,2.0922169121229928,1.6383253681844894,2,9,0
2004.6666666666667,2004-09-01,11.45478127900576,10.615913914936474,4.543135870246626,-0.106,0.59,1.908287005428591,1.3624305081428862,1,9,0
2004.7486338797812,2004-10-01,4.058504987656087,3.4337341083776494,3.831588073043392,-0.004,0.4,1.7302903215316903,1.0954354822975354,1,9,0
2004.8333333333333,2004-11-01,2.100016537764241,0.7151445015314204,2.9835408826364684,-0.153,0.56,1.5463604148372883,0.8195406222559325,1,9,0
2004.915300546448,2004-12-01,3.047902007092113,2.951926420009763,1.929091154224192,-0.132,0.48,1.368363730939894,0.5525455964098409,1,9,0
2005.0,2005-01-01,4.510066271144336,7.642101002576218,-1.241718085363604,-0.124,0.09,1.184433824245492,0.276650736368238,1,9,0
2005.0849315068488,2005-02-01,1.3778614760020456,4.852946732805832,-0.1507166828455735,-0.56,0.61,1.0,0.0,1,9,0
2005.1616438356164,2005-03-01,0.0165733418666319,1.3629320889599708,2.392050758408736,-0.432,0.83,0.91616766467019,0.08383233532981,1,9,0
2005.2465753424656,2005-04-01,-4.973721690531978,-4.940993100721965,4.798568535957054,0.084,0.14,0.8233532934128693,0.17664670658713064,1,9,0
2005.328767123288,2005-05-01,-4.913847843882199,-2.27889924691056,2.750521560022217,-0.033,0.19,0.7335329341310544,0.2664670658689457,1,9,0
2005.4136986301369,2005-06-01,4.539409011652162,7.825301373753723,3.4286216305320774,-0.176,0.2,0.6407185628739822,0.3592814371260178,1,9,0
2005.495890410959,2005-07-01,6.608410005698767,10.249088892195068,1.9947576447520623,-0.384,-0.0,0.5508982035924156,0.4491017964075844,1,9,0
2005.580821917808,2005-08-01,6.471328113557867,8.257836799572296,2.1718328557420654,-0.345,0.01,0.45808383233534344,0.5419161676646566,0,8,0
2005.6657534246576,2005-09-01,10.42258967938517,10.822593043148004,3.576113683908076,-0.534,-0.02,0.3652694610775259,0.6347305389224741,0,8,0
2005.7479452054797,2005-10-01,3.941717702159036,4.655562645866776,2.844550235330091,-0.436,-0.66,0.2754491017959593,0.7245508982040407,0,8,0
2005.8328767123287,2005-11-01,3.350297895885296,3.06180156617254,2.901005681501452,-0.272,-0.7,0.18263473053888712,0.8173652694611129,0,8,0
2005.9150684931508,2005-12-01,6.586962735318096,6.332599263785436,2.060444737267366,-0.3,-0.7,0.09281437125732062,0.9071856287426794,0,8,0
2006.0,2006-01-01,10.244292667668043,11.537652424757596,-0.5601987315573488,-0.135,-0.64,0.0,1.0,0,8,0
2006.0849315068488,2006-02-01,8.862881053621289,9.251191501198615,-0.7921479392727423,-0.305,-0.48,0.0,1.1856287425137395,0,8,0
2006.1616438356164,2006-03-01,8.169196426491977,5.876480242927593,1.5867809214710893,-0.226,-0.62,0.0,1.3532934131734429,0,8,0
2006.2465753424656,2006-04-01,5.024579933816662,-0.6043017111909841,3.4254086209715613,-0.015,-0.84,0.0,1.5389221556881765,0,8,0
2006.328767123288,2006-05-01,5.788180581294198,1.4421643336090413,0.5876255827879485,-0.207,-0.42,0.0,1.7185628742518957,0,8,0
2006.4136986301369,2006-06-01,14.637001449297816,10.7174330903025,1.81271313067042,-0.059,-0.18,0.0,1.9041916167661324,0,8,0
2006.495890410959,2006-07-01,15.244585897996364,12.109377136245543,0.1137216859402776,0.04,0.21,0.0,2.0838323353293546,0,8,0
2006.580821917808,2006-08-01,11.965500141562812,8.734948140729998,0.1944087272738442,0.229,0.59,0.0,2.2694610778435913,0,8,0
2006.6657534246576,2006-09-01,13.631875933104412,9.877071827876575,4.082708954279835,0.428,0.65,0.0,2.4550898203593188,0,8,0
2006.7479452054797,2006-10-01,4.259707248626151,2.4665118958184653,2.4354060680579,0.577,0.77,0.0,2.634730538922541,0,8,0
2006.8328767123287,2006-11-01,2.7960304316069724,-0.1536170170426826,3.968850587647304,0.501,1.0,0.0,2.8203592814367777,0,8,0
2006.9150684931508,2006-12-01,3.111926504124772,2.379521387105067,1.3758134416701862,0.172,0.64,0.0,3.0,0,8,0
2007.0,2007-01-01,6.667178113057034,7.69119193497778,-1.854633692956702,0.224,0.64,0.0,2.7223880597017653,0,8,0
2007.0849315068488,2007-02-01,3.871212286417701,5.404818111381747,-2.569289504002259,0.15,0.39,0.0,2.4447761194050175,0,8,0
2007.1616438356164,2007-03-01,0.7012754844797351,2.3149087295600284,-4.774934322328968,0.116,-0.19,0.0,2.194029850746701,0,8,0
2007.2465753424656,2007-04-01,-1.522187930256841,-3.4815393837333106,0.1621393310780876,0.1,-0.32,0.0,1.9164179104484667,0,8,0
2007.328767123288,2007-05-01,0.7249852100997656,-0.3482797307085725,-1.9384849239119084,0.27,-0.41,0.0,1.647761194029214,0,8,0
2007.4136986301369,2007-06-01,12.379179545601742,10.064050349543407,-1.284130764256227,0.03,-0.83,0.0,1.3701492537317226,0,9,0
2007.495890410959,2007-07-01,16.922271674979314,12.761503477917184,-0.1778590675010687,0.045,-0.75,0.0,1.1014925373132132,0,9,0
2007.580821917808,2007-08-01,16.137379673016085,11.113051042474654,1.4241379620121266,0.236,-0.9,0.0,0.8238805970157217,0,9,0
2007.6657534246576,2007-09-01,21.634883305153625,13.718552907033224,2.802053317670364,0.235,-1.06,0.0,0.5462686567160007,0,9,0
2007.7479452054797,2007-10-01,15.569573933946614,7.282648654426174,2.1933611817066447,0.068,-1.13,0.0,0.27761194029749126,0,9,0
2007.8328767123287,2007-11-01,13.512796259404258,5.575146899130007,2.439857263726604,-0.023,-1.12,0.0,0.0,0,9,0
2007.9150684931508,2007-12-01,13.151246217316164,8.67501665714821,0.1820810539148774,-0.227,-1.19,0.08975281192800297,0.0,0,9,0
2008.0,2008-01-01,13.534959361547546,13.9506516099395,-4.469149045871991,0.115,-1.06,0.18249738425330808,0.0,0,9,0
2008.084699453552,2008-02-01,11.287729154905271,10.756914277574076,-2.790353240768669,-0.072,-1.27,0.2749885561080348,0.0,0,9,0
2008.1639344262296,2008-03-01,7.221037066556427,6.541846592804042,-1.2432803190509747,0.097,-1.52,0.361512555584869,0.0,0,9,0
2008.2486338797812,2008-04-01,0.8765144453691465,-0.9195944304797132,1.80116381064792,-0.153,-1.11,0.4540037274390991,0.0,0,9,0
2008.330601092896,2008-05-01,-0.0698012731245609,0.1996274870318059,0.7581211449040396,0.178,-0.99,0.5435113131047554,0.0,0,7,0
2008.415300546448,2008-06-01,7.863289081993438,8.795099908701683,1.0987829019113489,0.215,-0.8,0.6360024849594822,0.0,0,7,0
2008.4972677595629,2008-07-01,9.64884684229456,9.70093221903484,2.760067492766177,0.246,-0.78,0.7255100706253867,0.0,0,7,0
2008.5819672131147,2008-08-01,8.085456318051808,6.647627575676504,5.871804552772646,0.124,-1.01,0.8180012424798652,0.0,0,7,0
2008.6666666666667,2008-09-01,10.141117023539064,8.604349862986416,4.448797425213492,0.086,-1.02,0.9104924143345919,0.0,0,7,0
2008.7486338797812,2008-10-01,2.9050099296766883,1.970623770109266,3.1268611216731825,0.029,-1.08,0.9999999999999999,0.0,0,7,0
2008.8333333333333,2008-11-01,2.289401745046248,0.4962605304493185,2.9384604915167967,-0.128,-0.98,1.0923537765880473,0.0,0,7,0
2008.915300546448,2008-12-01,5.02964708722925,4.785501938749769,1.005406835234964,-0.053,-1.01,1.1817283990924015,0.0,0,7,0
2009.0,2009-01-01,10.238804036564536,11.76807508864163,-1.5098328468402726,0.031,-1.01,1.2740821756804488,0.0,0,7,0
2009.0849315068488,2009-02-01,9.998102568813302,10.88113326694256,-1.131270394726028,0.163,-0.85,1.3666889763131909,0.0,0,7,0
2009.1616438356164,2009-03-01,10.31945025153465,8.850323953929149,1.962582183823235,0.1,-0.95,1.4503338284986669,0.0,0,7,0
2009.2465753424656,2009-04-01,8.259117768950098,3.427772417588825,4.279816687792259,0.126,-0.81,1.5429406291319048,0.0,1,8,0
2009.328767123288,2009-05-01,10.096154140580008,6.22122231757253,2.4481304497609133,0.256,-0.72,1.6325601136162193,0.0,1,8,0
2009.4136986301369,2009-06-01,19.58453191287939,15.341605354581883,1.8180353894213832,0.1,-0.05,1.7251669142492094,0.0,1,8,0
2009.495890410959,2009-07-01,19.42368758503205,16.284084531647025,-0.3931924952701935,-0.192,0.56,1.814786398733276,0.0,1,8,0
2009.580821917808,2009-08-01,16.456741971526263,12.191328586061216,1.422150965839629,-0.104,0.56,1.907393199366266,0.0,1,8,0
2009.6657534246576,2009-09-01,15.928869282632895,12.523108066553116,3.699353511778126,-0.103,0.42,2.0,0.0,1,8,0
2009.7479452054797,2009-10-01,5.067410784659321,4.081950058800784,3.3954578033622687,-0.013,0.56,2.2694610778449675,0.26946107784496753,1,8,0
2009.8328767123287,2009-11-01,-0.3254550481681248,0.2664883442242696,3.736371121813159,-0.067,1.04,2.5479041916164604,0.5479041916164606,1,8,0
2009.9150684931508,2009-12-01,-1.2912034418513638,2.033548280311985,3.2854421592188494,0.16,0.95,2.817365269461428,0.8173652694614282,1,8,0
2010.0,2010-01-01,-0.0351603622710045,6.650846916055443,-0.280877198689197,0.294,0.93,3.095808383233667,1.0958083832336667,1,8,0
2010.0849315068488,2010-02-01,-4.142400436370746,3.8920153732657097,-0.4041575564534588,0.023,1.28,3.3742514970044146,1.3742514970044146,1,8,0
2010.1616438356164,2010-03-01,-5.951044545634449,0.6260996352213368,2.7256649882623245,0.458,1.33,3.6257485029940946,1.6257485029940946,1,8,0
2010.2465753424656,2010-04-01,-9.657078975411428,-5.465170345533124,4.565628422467264,0.37,0.49,3.904191616766333,1.904191616766333,1,8,0
2010.328767123288,2010-05-01,-7.3262116121519485,-2.6244926500046186,3.947380561398472,-0.03,-0.12,4.173652694612047,2.1736526946120462,1,8,0
2010.4136986301369,2010-06-01,4.260901693865329,7.79090942863993,2.26073257419136,-0.14,-1.29,4.45209580838354,2.452095808383539,1,8,0
2010.495890410959,2010-07-01,7.1028772814676335,10.33439746185782,2.83881625625956,-0.001,-2.43,4.721556886228507,2.7215568862285067,1,8,0
2010.580821917808,2010-08-01,8.066534112840001,8.324609831270916,2.8408657903614905,-0.062,-2.38,5.0,3.0,1,8,0
2010.6657534246576,2010-09-01,13.269515340659307,11.24026256198289,3.5631166279277697,-0.268,-2.26,4.7215568862264785,2.721556886226478,1,8,0
2010.7479452054797,2010-10-01,7.298933905592271,4.959815953298509,1.4194649685080063,-0.437,-2.16,4.452095808381712,2.4520958083817117,1,8,0
2010.8328767123287,2010-11-01,6.41869180531593,3.4156346844108616,0.1175578122590216,-0.495,-2.01,4.173652694610426,2.1736526946104258,1,8,0
2010.9150684931508,2010-12-01,9.006540159797979,7.198577673054356,0.2795792128450157,-0.212,-1.86,3.904191616765659,1.9041916167656592,1,8,0
2011.0,2011-01-01,14.114815725817692,13.72972945961188,-1.937619535296658,0.192,-1.77,3.625748502993628,1.625748502993628,1,8,0
2011.0849315068488,2011-02-01,13.758236913348764,12.186494528841324,-0.7818889311047101,0.242,-1.59,3.347305389223088,1.347305389223088,0,8,0
2011.1616438356164,2011-03-01,12.677055069914967,9.478883714220643,1.7237780632078432,0.367,-1.75,3.0958083832335954,1.0958083832335954,0,8,0
2011.2465753424656,2011-04-01,9.78934080170938,3.3210420911119964,4.719204779494176,0.154,-1.69,2.8173652694615643,0.8173652694615643,0,8,0
2011.328767123288,2011-05-01,10.617915138589328,5.740268307693674,3.005143084659033,-0.089,-1.23,2.5479041916160523,0.5479041916160523,0,8,0
2011.4136986301369,2011-06-01,18.91549852200674,14.844686689625927,2.257013848557373,0.055,-1.02,2.269461077844767,0.2694610778447668,0,8,0
2011.495890410959,2011-07-01,19.62272777685224,15.58553180515794,2.6267288543872542,0.223,-0.75,2.0,0.0,0,8,0
2011.580821917808,2011-08-01,16.49511985920049,11.683655295877834,4.30369028226295,0.344,-0.81,2.0,0.18475216569984373,0,8,0
2011.6657534246576,2011-09-01,18.04614631765829,12.318147549108224,4.523672604875843,0.202,-1.08,2.0,0.3695043314011713,0,8,0
2011.7479452054797,2011-10-01,8.832070888356792,4.525244127080546,2.9671874251405987,0.356,-1.3,2.0,0.548296749821428,0,8,0
2011.8328767123287,2011-11-01,4.982255717184158,1.4759707791001784,2.1736641534375627,0.336,-1.14,2.0,0.7330489155212716,0,8,0
2011.9150684931508,2011-12-01,5.835669541230445,4.142168916717015,1.6164831044021932,-0.128,-1.18,2.0,0.9118413339415283,0,8,0
2012.0,2012-01-01,8.339919232420675,9.847982084619732,-1.970134969887997,0.046,-1.07,2.0,1.0965934996418667,0,10,0
2012.084699453552,2012-02-01,5.098894050363464,8.024004426482046,-1.6286445257567228,-0.078,-0.68,2.0,1.2808408780047353,0,10,0
2012.1639344262296,2012-03-01,3.521758253806152,5.495578619119783,0.5563633970041383,0.026,-0.58,2.0,1.4532013287309549,0,10,0
2012.2486338797812,2012-04-01,0.1305629809699023,-0.1925549981531698,3.920045927398475,-0.271,-0.38,2.0,1.6374487070928345,0,10,0
2012.330601092896,2012-05-01,2.07105453100753,2.851219775855804,2.453744625025232,-0.37,-0.32,2.0,1.8157526216371314,0,10,0
2012.415300546448,2012-06-01,12.497456428753422,12.693208825394404,3.3276202891877524,0.001,-0.28,2.0,2.0,0,10,1
2012.4972677595629,2012-07-01,14.143280128910368,14.053798959719328,2.5292335797069603,0.546,0.34,1.820535933786476,1.820535933786476,0,10,0
2012.5819672131147,2012-08-01,11.186294861664548,10.445279403790476,3.336984237457104,0.652,-0.02,1.635089732033082,1.635089732033082,0,10,0
2012.6666666666667,2012-09-01,13.581188387844476,10.809376101831727,4.724608529041548,0.453,-0.29,1.44964353027919,1.44964353027919,0,10,0
2012.7486338797812,2012-10-01,4.656880239779737,2.6150720242662766,3.862890552058704,0.11,-0.19,1.2701794640666617,1.2701794640666617,0,10,0
2012.8333333333333,2012-11-01,2.690633922458314,-0.9895679171226636,4.326833762091455,-0.1,-0.03,1.0847332623127697,1.0847332623127697,0,10,0
2012.915300546448,2012-12-01,3.0942392425046785,0.7966189989744599,2.299655392134181,0.268,-0.03,0.9052691960997434,0.9052691960997434,0,9,0
2013.0,2013-01-01,4.106306182680701,5.41536559165089,-0.4333186520918071,-0.065,-0.06,0.7198229943458516,0.7198229943458516,0,9,0
2013.0849315068488,2013-02-01,1.1220675922748256,2.892236784384899,-1.44961952615097,0.189,-0.08,0.5338687208078423,0.5338687208078423,0,9,0
2013.1616438356164,2013-03-01,-0.6930655476820868,-0.0264948541832758,1.0660683975241894,0.083,-0.12,0.3659100221262144,0.3659100221262144,0,9,0
2013.2465753424656,2013-04-01,-4.373481199918727,-6.060412680348263,2.7733776738503324,-0.297,-0.35,0.17995574858720964,0.17995574858720964,0,9,0
2013.328767123288,2013-05-01,-3.112198672562471,-2.521337227074916,1.6732552054702945,-0.506,-0.68,0.0,0.0,0,9,0
2013.4136986301369,2013-06-01,7.000926373083789,8.299453509625376,2.138651769195651,-0.497,-1.14,0.09253731343252006,0.18507462686504011,0,9,0
2013.495890410959,2013-07-01,10.436498844790655,10.960528785575846,1.99444916594194,-0.18,-0.79,0.18208955223871207,0.36417910447742413,0,9,0
2013.580821917808,2013-08-01,8.99138415375025,8.846083981525101,3.886775872802248,-0.194,-0.45,0.2746268656712321,0.5492537313424642,0,9,0
2013.6657534246576,2013-09-01,12.672470084469182,11.020347926479824,4.826224526125598,-0.31,-0.33,0.3671641791044954,0.7343283582089908,0,9,0
2013.7479452054797,2013-10-01,5.9143426439732565,3.976770533253154,3.324445313307009,-0.168,-0.13,0.4567164179106874,0.9134328358213748,0,9,0
2013.8328767123287,2013-11-01,3.804967262592191,1.6922774010821655,2.223284005228795,0.199,-0.16,0.5492537313432074,1.0985074626864149,0,10,0
2013.9150684931508,2013-12-01,6.358019245488324,4.313909189273046,2.516433179469748,0.141,-0.34,0.6388059701493994,1.2776119402987989,0,10,0
2014.0,2014-01-01,9.329021728892716,9.060541495393627,-1.2502783949936431,-0.101,-0.5,0.7313432835821673,1.4626865671643345,0,10,0
2014.0849315068488,2014-02-01,6.365997271248926,6.3008501916096975,-0.5332578862274882,-0.089,-0.42,0.8238805970144396,1.6477611940288792,0,10,0
2014.1616438356164,2014-03-01,5.425026993811177,2.686634157888257,2.3763941609326684,-0.151,-0.05,0.9074626865672323,1.8149253731344646,0,10,0
2014.2465753424656,2014-04-01,2.1471765318778617,-3.8256233869534952,4.506099149893522,-0.058,-0.16,1.0,2.0,0,10,0
2014.328767123288,2014-05-01,1.8774180592622915,-1.499910388026827,3.796561743621773,-0.092,-0.17,1.0898203592818596,1.9101796407181404,0,10,0
2014.4136986301369,2014-06-01,10.830442708766086,8.426589962506192,2.340222251907542,-0.028,0.0,1.182634730538978,1.817365269461022,0,10,0
2014.495890410959,2014-07-01,11.7059396633421,10.682774687781684,2.166732063089448,-0.363,0.42,1.272455089820589,1.727544910179411,0,10,0
2014.580821917808,2014-08-01,10.61456318858669,8.30193603893039,3.666848483785383,-0.372,0.23,1.3652694610777074,1.6347305389222926,0,10,0
2014.6657534246576,2014-09-01,13.998108472748916,10.663003357097352,5.282410415027359,-0.145,-0.09,1.4580838323355712,1.5419161676644288,0,10,0
2014.7479452054797,2014-10-01,7.024237752957698,4.0806050160228144,5.00754974011396,0.141,0.12,1.5479041916171825,1.4520958083828175,0,10,0
2014.8328767123287,2014-11-01,5.081326817497256,2.2004264743106248,4.017661665024952,0.01,0.37,1.6407185628743006,1.3592814371256994,0,10,0
2014.9150684931508,2014-12-01,6.364871166497995,5.511442617765737,2.616375387345813,0.046,0.35,1.7305389221559118,1.2694610778440882,0,10,0
2015.0,2015-01-01,9.540731743781748,10.91866450867273,-0.7488309804302851,-0.1,0.23,1.8233532934132786,1.1766467065867214,0,10,0
2015.0849315068488,2015-02-01,6.566422402648934,8.492650125314588,-0.6190695063145721,-0.345,0.06,1.9161676646701484,1.0838323353298516,0,10,0
2015.1616438356164,2015-03-01,5.23864711327659,5.170247698088688,1.3241741923944177,-0.241,0.15,2.0,1.0,0,10,0
2015.2465753424656,2015-04-01,1.380472570561687,-1.3836789826819236,3.5223507649513173,-0.008,0.31,2.092814371257367,0.9071856287426332,0,10,0
2015.328767123288,2015-05-01,2.3274338689941327,0.7350778787370792,2.610423399111822,0.24,0.95,2.1826347305392266,0.8173652694607736,0,10,0
2015.4136986301369,2015-06-01,10.948320256563466,9.669740669558148,2.545057062578484,0.296,1.9,2.2754491017963447,0.7245508982036553,0,10,0
2015.495890410959,2015-07-01,10.863147803852543,10.769131811977388,2.3918327750695973,0.225,1.79,2.365269461077956,0.6347305389220441,0,10,0
2015.580821917808,2015-08-01,7.153587653082812,7.256863981111367,2.595049056059002,0.567,1.95,2.458083832335074,0.5419161676649258,0,10,0
2015.6657534246576,2015-09-01,9.107818355404351,8.251827531149575,4.4869471344334375,0.294,2.24,2.550898203592938,0.44910179640706205,0,10,0
2015.7479452054797,2015-10-01,-0.1609214508473246,0.72535530254691,3.709010428193832,0.483,2.15,2.6407185628745493,0.3592814371254509,0,10,0
2015.8328767123287,2015-11-01,-2.4461279374457416,-1.9681650806605493,4.388995982515168,0.347,1.94,2.7335329341316674,0.2664670658683326,0,10,0
2015.9150684931508,2015-12-01,-0.5125497165923639,0.7611030335323009,4.192426409756631,0.272,1.93,2.8233532934132786,0.17664670658672144,0,10,0
2016.0,2016-01-01,2.2347043777221733,6.163237742814292,-0.4039983589731547,0.266,1.94,2.9161676646706454,0.08383233532935463,0,10,0
2016.084699453552,2016-02-01,-0.842568510880751,3.990908540209386,-0.6860067565157273,-0.11,1.81,3.0087284447499694,-0.008728444749969366,0,10,0
2016.1639344262296,2016-03-01,-1.340981595323922,0.8906064725671552,1.581975386645847,-0.009,1.32,3.0953175615982005,-0.09531756159820048,0,10,0
2016.2486338797812,2016-04-01,-4.203524429129343,-5.129835874282616,4.492170141364314,0.146,1.33,3.1878783416770275,-0.18787834167702755,0,10,0
2016.330601092896,2016-05-01,-2.9118683680055826,-2.3552294231307704,3.309823159441353,-0.113,1.24,3.277453290140681,-0.2774532901406812,0,10,0
2016.415300546448,2016-06-01,7.151016068884951,7.445292397873665,2.519165222209095,-0.443,0.36,3.3700140702200048,-0.37001407022000476,0,10,0
2016.4972677595629,2016-07-01,9.257994853417037,9.438234243330644,2.8983270624538022,-0.758,-0.53,3.4595890186839067,-0.45958901868390667,0,10,0
2016.5819672131147,2016-08-01,7.968500031351399,6.854672237825587,3.126579936819378,-0.444,-0.27,3.5521497987629824,-0.5521497987629824,0,10,0
2016.6666666666667,2016-09-01,10.778625292587748,8.915256283742355,4.192344349905092,-0.437,-0.29,3.644710578842306,-0.644710578842306,0,10,0
2016.7486338797812,2016-10-01,3.725530418540579,1.8939154679621089,2.829244417384948,-0.372,-0.54,3.734285527305711,-0.734285527305711,0,10,0
2016.8333333333333,2016-11-01,1.977319240763436,-0.1189520091417835,2.0739747120119616,-0.382,-0.48,3.826846307385035,-0.826846307385035,0,10,0
2016.915300546448,2016-12-01,4.954241170367895,3.5320906186623127,1.8132068741108995,-0.31,-0.37,3.916421255848688,-0.9164212558486882,0,10,0
2017.0,2017-01-01,8.685635620173183,9.610642175969904,-1.334207160792572,-0.086,-0.43,4.008982035928012,-1.0089820359280122,0,10,0
2017.0849315068488,2017-02-01,6.741537339122464,8.082113590499521,-1.2771987440471155,0.101,-0.42,4.101796407184882,-1.101796407184882,0,10,0
2017.1616438356164,2017-03-01,6.639008888471201,5.291815046867741,1.7428819900870491,0.357,-0.58,4.185628742514734,-1.1856287425147336,0,10,0
2017.2465753424656,2017-04-01,3.330418990865745,-0.7204917592214111,3.080932059236732,0.499,-0.19,4.2784431137721,-1.2784431137721004,0,10,0
2017.328767123288,2017-05-01,5.475127983890852,1.7664675922583446,1.8535662991811963,0.536,0.19,4.36826347305396,-1.3682634730539602,0,10,0
2017.4136986301369,2017-06-01,13.9681257379701,10.67563169885308,2.168428825993092,0.424,-0.24,4.461077844311078,-1.4610778443110783,0,10,0
2017.495890410959,2017-07-01,14.569202195447795,11.752225717493548,2.1488132103046578,0.52,-0.63,4.5508982035926895,-1.5508982035926895,0,10,0
2017.580821917808,2017-08-01,11.609138027767882,8.498745063293484,3.031041849768581,0.349,-0.73,4.643712574849808,-1.643712574849808,0,10,0
2017.6657534246576,2017-09-01,12.770736980711964,9.48305020606589,3.663861786518236,0.034,-0.74,4.736526946107672,-1.7365269461076713,0,10,0
2017.7479452054797,2017-10-01,4.739825393239421,1.9888745439219264,2.445643574181907,0.016,-0.59,4.826347305389283,-1.826347305389283,0,10,0
2017.8328767123287,2017-11-01,1.8759910347532285,-0.4403903066529406,1.5095501152434168,0.289,-0.62,4.919161676646401,-1.919161676646401,0,10,0
2017.9150684931508,2017-12-01,3.634634513781743,2.8351235695103645,1.7470103753261483,0.109,-0.74,5.008982035928012,-2.008982035928012,0,10,0
